Patient Gender,max,min,mean
F,95,0,45.56336805555556
M,93,0,46.39064754307053
